case,dataset,suite,system,system_name,root_cause_service,fault,fault_description,repetition,inject_time,n_metrics,n_timesteps,time_start,time_end,duration_minutes,has_logs,n_logs,has_traces,n_traces,telemetry,source,local_path
re2ob_recommendationservice_cpu_1,RE2-OB,RE2,ob,Online Boutique,recommendationservice,cpu,CPU stress,1,1705345765,72,1441,1705345045,1705346485,24.0,True,171429,True,391057,metrics+logs+traces,hf://datasets/phamquiluan/RCAEval,data/rcaeval/selected/re2ob_recommendationservice_cpu_1
re2ob_checkoutservice_cpu_2,RE2-OB,RE2,ob,Online Boutique,checkoutservice,cpu,CPU stress,2,1708475361,74,930,1708474641,1708475570,15.5,True,110067,True,199960,metrics+logs+traces,hf://datasets/phamquiluan/RCAEval,data/rcaeval/selected/re2ob_checkoutservice_cpu_2
re2ob_currencyservice_delay_2,RE2-OB,RE2,ob,Online Boutique,currencyservice,delay,network delay,2,1705704343,76,1441,1705703623,1705705063,24.0,True,115001,True,385915,metrics+logs+traces,hf://datasets/phamquiluan/RCAEval,data/rcaeval/selected/re2ob_currencyservice_delay_2
re2ob_currencyservice_delay_3,RE2-OB,RE2,ob,Online Boutique,currencyservice,delay,network delay,3,1705706604,76,1441,1705705884,1705707324,24.0,True,113758,True,379232,metrics+logs+traces,hf://datasets/phamquiluan/RCAEval,data/rcaeval/selected/re2ob_currencyservice_delay_3
re2ob_currencyservice_disk_1,RE2-OB,RE2,ob,Online Boutique,currencyservice,disk,disk I/O stress,1,1705386669,74,1441,1705385949,1705387389,24.0,True,157693,True,361288,metrics+logs+traces,hf://datasets/phamquiluan/RCAEval,data/rcaeval/selected/re2ob_currencyservice_disk_1
re2ob_emailservice_disk_3,RE2-OB,RE2,ob,Online Boutique,emailservice,disk,disk I/O stress,3,1705719294,75,1441,1705718574,1705720014,24.0,True,162740,True,369748,metrics+logs+traces,hf://datasets/phamquiluan/RCAEval,data/rcaeval/selected/re2ob_emailservice_disk_3
re2ob_productcatalogservice_loss_1,RE2-OB,RE2,ob,Online Boutique,productcatalogservice,loss,network packet loss,1,1705342830,72,1441,1705342110,1705343550,24.0,True,117601,True,254889,metrics+logs+traces,hf://datasets/phamquiluan/RCAEval,data/rcaeval/selected/re2ob_productcatalogservice_loss_1
re2ob_productcatalogservice_loss_2,RE2-OB,RE2,ob,Online Boutique,productcatalogservice,loss,network packet loss,2,1705519114,74,1441,1705518394,1705519834,24.0,True,120201,True,260357,metrics+logs+traces,hf://datasets/phamquiluan/RCAEval,data/rcaeval/selected/re2ob_productcatalogservice_loss_2
re2ob_checkoutservice_mem_2,RE2-OB,RE2,ob,Online Boutique,checkoutservice,mem,memory stress,2,1705626077,75,1004,1705625357,1705626360,16.7,True,122905,True,327148,metrics+logs+traces,hf://datasets/phamquiluan/RCAEval,data/rcaeval/selected/re2ob_checkoutservice_mem_2
re2ob_productcatalogservice_mem_3,RE2-OB,RE2,ob,Online Boutique,productcatalogservice,mem,memory stress,3,1705493908,71,1441,1705493188,1705494628,24.0,True,155910,True,276103,metrics+logs+traces,hf://datasets/phamquiluan/RCAEval,data/rcaeval/selected/re2ob_productcatalogservice_mem_3
re2ob_productcatalogservice_socket_1,RE2-OB,RE2,ob,Online Boutique,productcatalogservice,socket,socket exhaustion,1,1705392233,71,1441,1705391513,1705392953,24.0,True,168357,True,383626,metrics+logs+traces,hf://datasets/phamquiluan/RCAEval,data/rcaeval/selected/re2ob_productcatalogservice_socket_1
re2ob_recommendationseqrvice_socket_1,RE2-OB,RE2,ob,Online Boutique,recommendationservice,socket,socket exhaustion,1,1705398242,71,1441,1705397522,1705398962,24.0,True,131908,True,303835,metrics+logs+traces,hf://datasets/phamquiluan/RCAEval,data/rcaeval/selected/re2ob_recommendationservice_socket_1
re2ss_catalogue_cpu_2,RE2-SS,RE2,ss,Sock Shop,catalogue,cpu,CPU stress,2,1705697873,75,1441,1705697153,1705698593,24.0,True,74548,False,0,metrics+logs,hf://datasets/phamquiluan/RCAEval,data/rcaeval/selected/re2ss_catalogue_cpu_2
re2ss_catalogue_delay_3,RE2-SS,RE2,ss,Sock Shop,catalogue,delay,network delay,3,1705711624,76,1441,1705710904,1705712344,24.0,True,78812,False,0,metrics+logs,hf://datasets/phamquiluan/RCAEval,data/rcaeval/selected/re2ss_catalogue_delay_3
re2ss_orders_disk_1,RE2-SS,RE2,ss,Sock Shop,orders,disk,disk I/O stress,1,1705822351,79,1441,1705821631,1705823071,24.0,True,70374,False,0,metrics+logs,hf://datasets/phamquiluan/RCAEval,data/rcaeval/selected/re2ss_orders_disk_1
re2ss_user_loss_1,RE2-SS,RE2,ss,Sock Shop,user,loss,network packet loss,1,1705616460,79,1441,1705615740,1705617180,24.0,True,53507,False,0,metrics+logs,hf://datasets/phamquiluan/RCAEval,data/rcaeval/selected/re2ss_user_loss_1
re2ss_user_mem_3,RE2-SS,RE2,ss,Sock Shop,user,mem,memory stress,3,1705783825,74,1441,1705783105,1705784545,24.0,True,85809,False,0,metrics+logs,hf://datasets/phamquiluan/RCAEval,data/rcaeval/selected/re2ss_user_mem_3
re2ss_user_socket_1,RE2-SS,RE2,ss,Sock Shop,user,socket,socket exhaustion,1,1705654636,82,1441,1705653916,1705655356,24.0,True,84250,False,0,metrics+logs,hf://datasets/phamquiluan/RCAEval,data/rcaeval/selected/re2ss_user_socket_1
re2tt_ts-route-service_cpu_2,RE2-TT,RE2,tt,Train Ticket,ts-route-service,cpu,CPU stress,2,1706076163,345,1441,1706075443,1706076883,24.0,True,58704,True,125618,metrics+logs+traces,hf://datasets/phamquiluan/RCAEval,data/rcaeval/selected/re2tt_ts-route-service_cpu_2
re2tt_ts-order-service_delay_2,RE2-TT,RE2,tt,Train Ticket,ts-order-service,delay,network delay,2,1706067125,345,1441,1706066405,1706067845,24.0,True,57359,True,122969,metrics+logs+traces,hf://datasets/phamquiluan/RCAEval,data/rcaeval/selected/re2tt_ts-order-service_delay_2
re2tt_ts-order-service_disk_2,RE2-TT,RE2,tt,Train Ticket,ts-order-service,disk,disk I/O stress,2,1706059803,340,1441,1706059083,1706060523,24.0,True,58890,True,125465,metrics+logs+traces,hf://datasets/phamquiluan/RCAEval,data/rcaeval/selected/re2tt_ts-order-service_disk_2
re2tt_ts-order-service_loss_2,RE2-TT,RE2,tt,Train Ticket,ts-order-service,loss,network packet loss,2,1706070221,345,1441,1706069501,1706070941,24.0,True,59109,True,126339,metrics+logs+traces,hf://datasets/phamquiluan/RCAEval,data/rcaeval/selected/re2tt_ts-order-service_loss_2
re2tt_ts-travel-service_mem_3,RE2-TT,RE2,tt,Train Ticket,ts-travel-service,mem,memory stress,3,1706207458,359,1441,1706206738,1706208178,24.0,True,249528,True,587772,metrics+logs+traces,hf://datasets/phamquiluan/RCAEval,data/rcaeval/selected/re2tt_ts-travel-service_mem_3
re2tt_ts-order-service_socket_2,RE2-TT,RE2,tt,Train Ticket,ts-order-service,socket,socket exhaustion,2,1706062900,340,1441,1706062180,1706063620,24.0,True,57769,True,123607,metrics+logs+traces,hf://datasets/phamquiluan/RCAEval,data/rcaeval/selected/re2tt_ts-order-service_socket_2
